repeat,fold,test_object,model,P3_Core,N_liq_logMAE,N_liq_logMAE_liq,Traj_RMSE,Traj_RMSE_continuation,Traj_RMSE_continuation_balanced,Traj_RMSE_continuation_worst,Traj_RMSE_worst,AUROC,AUPRC,Brier,ECE,Coverage_90,Calibration_Error,Traj_CRPS,Onset_EarlyWarning_Rate,Physics_Violation_Rate,CRR_RMSE,N_CRR_test,N_CRR_objects
0,0,,DPI-Flow,159.01271934566472,0.26701465249061584,0.344876766204834,0.11831240760766365,0.10853461569705865,0.10095702856779099,0.15285320580005646,0.14080606400966644,0.966969696969697,0.963693857292866,0.1117518445514373,0.11341243561248049,0.7796966433525085,0.11646698713302613,0.050627630540150674,0.07428571428571429,0.0,0.20930510759353638,72,1
0,0,,DPI-EVT,196.08873828112624,0.1757664680480957,0.22799423336982727,0.10275588952539522,0.09228664982308654,0.08597128714124362,0.11432541161775589,0.11914423853158951,0.9563636363636363,0.9616967584731558,0.12770212542988404,0.1275593114209874,0.8376879692077637,0.06011131207148235,0.044700252420175404,0.26857142857142857,0.0,0.15499860048294067,72,1
0,0,,EVT-NeuralSSM,192.0137398960218,0.18137843906879425,0.23518946766853333,0.10164188986774837,0.08994038712776342,0.08554970845580101,0.10061874985694885,0.11826620250940323,0.945952380952381,0.9457509378603128,0.1325791335049097,0.13740947437912518,0.845526397228241,0.052527832984924326,0.044899298325745546,0.32,0.0,0.2025628685951233,72,1
0,0,,PINN,100.0,0.37026822566986084,0.43930065631866455,0.19300519892442594,0.20770450202223137,0.21500062942504883,0.37500235438346863,0.3373638093471527,0.8537229437229437,0.8733913579623637,0.17093015338962306,0.18126985464694056,0.6780524849891663,0.20757499138514202,0.10489762106148534,0.5028571428571429,0.0,,0,0
0,0,,Transformer,137.41049184948963,0.373921275138855,0.427806556224823,0.07033810546671014,0.0784853106901837,0.07825051434338093,0.1508798897266388,0.13196906447410583,0.8529004329004329,0.8808265001022468,0.15576682841234343,0.16856092395388345,0.8647081255912781,0.04515252113342283,0.03351704764911605,0.5542857142857143,0.06514657980456026,,0,0
0,0,,Neural Spline Flow,102.50575308866283,0.6642698049545288,0.7599741816520691,0.15128535242749322,0.14477255369755182,0.13188541183869043,0.18164080381393433,0.171100452542305,0.9725974025974026,0.9806099620016838,0.08687616385625482,0.08641619520437835,0.7757456302642822,0.12390177249908448,0.07941831216270256,0.32,0.8534201954397395,,0,0
0,0,,GRU,40.74888949882053,2.633831024169922,3.1787750720977783,0.21538439263260897,0.21664288352837274,0.22779587159554163,0.3771199584007263,0.35560688376426697,0.847099567099567,0.8629791313962248,0.1683130060619282,0.10332146502958449,0.7427351474761963,0.14743817647298177,0.1200443447176701,0.005714285714285714,0.9739413680781759,,0,0
0,0,,TCN,81.81217976677394,0.6301715970039368,0.7475135922431946,0.1744279424477811,0.1897794724583276,0.19568743060032526,0.34262433648109436,0.303796648979187,0.8616017316017316,0.8742005892462703,0.16237690536056706,0.17463933892475278,0.704881489276886,0.18467584053675334,0.09033609745013374,0.4514285714285714,0.7687296416938111,,0,0
0,0,,CatBoost,,0.27661994099617004,0.32311514019966125,,,,,,0.9854545454545455,0.9905172293212263,0.048644160740107176,0.046126800950264696,,,,0.28,,,0,0
0,1,,DPI-Flow,327.37646071683105,0.24385589361190796,0.3701761066913605,0.08411854738553598,0.07285425127503298,0.07641950746377309,0.09929939359426498,0.09986735880374908,0.9976220672162334,0.99867676291687,0.020873465744090148,0.01895563799016019,0.7957409620285034,0.10059866110483806,0.029566973692630623,0.07894736842105263,0.00425531914893617,0.20583991706371307,96,1
0,1,,DPI-EVT,204.3643011682403,0.4763755202293396,0.32959094643592834,0.2163992835896333,0.21197027348664452,0.19724731892347336,0.32325446605682373,0.32492414116859436,0.9973050095117311,0.9984155745578402,0.011768781839031626,0.013831413315331683,0.9429206848144531,0.0473448355992635,0.09624171912266137,0.5592105263157895,0.0,0.1616264432668686,96,1
0,1,,EVT-NeuralSSM,423.4872199724814,0.1857149600982666,0.27667465806007385,0.07406358749762201,0.06269548065543278,0.06900681803623836,0.09603362530469894,0.08986492455005646,0.9973842739378567,0.9984617137167333,0.012394229719599477,0.01337411399891085,0.8327380418777466,0.06149000724156698,0.028006434246437464,0.47368421052631576,0.0,0.19895344972610474,96,1
0,1,,PINN,100.0,0.9937644004821777,1.4252560138702393,0.13804685074525888,0.13900994341733874,0.16214058796564737,0.21049562096595764,0.20323964953422546,0.9881896005072923,0.9936193446603843,0.10750073685243405,0.20025419846494147,0.7617763876914978,0.12573511203130086,0.07898060159359331,0.1118421052631579,0.0,,0,0
0,1,,Transformer,235.02315538533583,0.6415528059005737,0.8786738514900208,0.03730755671357038,0.040225224241339376,0.05101898623009523,0.07416345179080963,0.06806613504886627,0.9961160431198478,0.9978283534891683,0.0227599755345009,0.06271703791745166,0.9511422514915466,0.06118225256601969,0.020866602171241408,0.375,0.03404255319148936,,0,0
0,1,,Neural Spline Flow,172.82154748287095,0.7644785046577454,1.025987982749939,0.09002931753121712,0.08481199538777237,0.06426923349499702,0.10449612140655518,0.11049360036849976,0.9895370957514268,0.9940900411369065,0.0504222463772434,0.08766947788126926,0.6994406580924988,0.19550620317459108,0.051701760318413746,0.28289473684210525,0.9446808510638298,,0,0
0,1,,GRU,102.68255141927456,1.1908531188964844,1.428046464920044,0.09783627129808285,0.09397524854372702,0.12280056128899257,0.18168312311172485,0.1733524352312088,0.9623493975903614,0.980946657419592,0.09479346338349291,0.1613325408798583,0.917312502861023,0.028230806191762253,0.05274050269434667,0.05921052631578947,0.5234042553191489,,0,0
0,1,,TCN,101.59881357247433,1.0647934675216675,1.4387303590774536,0.11998948620519254,0.12121427598413188,0.14407371481259665,0.18919044733047485,0.18009033799171448,0.969007609384908,0.9842140181831767,0.10125972583206194,0.13643552990669902,0.8017386794090271,0.09174808661142986,0.06385265314012895,0.09868421052631579,0.8723404255319149,,0,0
0,1,,CatBoost,,0.20864105224609375,0.2164546251296997,,,,,,0.9977013316423589,0.9986224083462079,0.009117451830531987,0.013527506966381631,,,,0.5131578947368421,,,0,0
0,2,,DPI-Flow,199.92503979439155,0.462895005941391,0.462895005941391,0.10873797653725073,0.07887862425357818,0.07887862622737885,0.07887862622737885,0.19747574627399445,0.9889356397070282,0.9919089835355218,0.06463326742623368,0.07329255217157396,0.8884398937225342,0.029140329360961892,0.03682743181975731,0.0,0.0,0.2084553986787796,84,1
0,2,,DPI-EVT,279.66479609597224,0.23786261677742004,0.23786261677742004,0.09976362458645437,0.06661168046764991,0.06661167740821838,0.06661167740821838,0.19536198675632477,0.9722611812373383,0.9759942742565553,0.06927269007746824,0.0791212312049336,0.9464160203933716,0.05687516132990519,0.032355057211034655,0.26881720430107525,0.0,0.16002371907234192,84,1
0,2,,EVT-NeuralSSM,227.85899386558887,0.27397993206977844,0.27397993206977844,0.10546659538046199,0.07708026493523024,0.07708026468753815,0.07708026468753815,0.1846369504928589,0.9491974442886084,0.9509727405422866,0.11204123381077348,0.12399429540483303,0.815003514289856,0.07974935372670493,0.043128768613998086,0.27956989247311825,0.0,0.20642969012260437,84,1
0,2,,PINN,100.0,1.0134681463241577,1.0134681463241577,0.16795202105407148,0.16112430434450442,0.1611243039369583,0.1611243039369583,0.2917587161064148,0.8962131837307153,0.8934891003852998,0.11814265941103823,0.08158772825090974,0.8083274960517883,0.08097913662592571,0.088968358635366,0.46236559139784944,0.0,,0,0
0,2,,Transformer,183.7733858179633,0.8551886081695557,0.8551886081695557,0.04153276169679342,0.04460005704213646,0.04460005462169647,0.04460005462169647,0.04384126141667366,0.9513791491351098,0.9361559277512217,0.057376006085817194,0.0649374666635269,0.9627547264099121,0.07432654698689778,0.02216044020115321,0.23655913978494625,0.0,,0,0
0,2,,Neural Spline Flow,174.53072167354657,0.5646290183067322,0.5646290183067322,0.09067547950206348,0.08745638545867591,0.08745639026165009,0.08745639026165009,0.09083646535873413,0.9568334112513636,0.9571111376557371,0.0692110432470741,0.08511883135379097,0.5063246488571167,0.3838604072729746,0.05781095770177244,0.5483870967741935,0.5925925925925926,,0,0
0,2,,GRU,175.4977085708882,0.7591313123703003,0.7591313123703003,0.04736205964626861,0.04016092555447699,0.040160924196243286,0.040160924196243286,0.06972789764404297,0.8810970858656693,0.8695288554333396,0.10851602869354447,0.09509763425147091,0.9732958674430847,0.07374093135197957,0.025828524485627318,0.3548387096774194,0.22839506172839505,,0,0
0,2,,TCN,81.47040800682363,1.7243977785110474,1.7243977785110474,0.11656772515523064,0.128000349083905,0.12800034880638123,0.12800034880638123,0.11742482334375381,0.897304036153966,0.865471316745383,0.1394798436954326,0.14582750495569205,0.8230850100517273,0.062180844942728686,0.05390080295316819,0.10752688172043011,0.6111111111111112,,0,0
0,2,,CatBoost,,0.2605174481868744,0.2605174481868744,,,,,,0.9962599345488545,0.9970890308772982,0.09847503295137007,0.12021994390984836,,,,0.3225806451612903,,,0,0
0,3,,DPI-Flow,584.0968944540889,0.1352197378873825,0.27186283469200134,0.08433271403687624,0.07634682310639812,0.07110089808702469,0.10967949777841568,0.12139718234539032,0.9984649122807017,0.9986479961371317,0.010554001978301555,0.012868684779911141,0.9061892628669739,0.020765841007232628,0.026975265019169827,0.11578947368421053,0.0,0.20412969589233398,71,1
0,3,,DPI-EVT,648.7898034076644,0.1451655626296997,0.2918592095375061,0.08088798500551413,0.07369680773110791,0.07117119245231152,0.10170211642980576,0.11352501809597015,0.9975877192982456,0.9980206927575348,0.0053119830470228935,0.0050809052602158785,0.7237524390220642,0.17340676784515383,0.02903840049684948,0.5578947368421052,0.0,0.16065120697021484,71,1
0,3,,EVT-NeuralSSM,591.4727468479481,0.15287163853645325,0.3073524534702301,0.0839248990000764,0.07788723886604043,0.07607660256326199,0.10540660470724106,0.11518792808055878,0.9981359649122806,0.9984022556390978,0.00679488042826209,0.009515829472095554,0.7494329214096069,0.14119139115015666,0.03271904177212164,0.5684210526315789,0.0,0.1921209692955017,71,1
0,3,,PINN,100.0,1.4389424324035645,2.3411245346069336,0.1955556690892007,0.20245951982311314,0.18977029621601105,0.23979981243610382,0.2295927256345749,0.9786184210526315,0.9821811883121324,0.08012153918561375,0.13215339096038753,0.7450583577156067,0.14726723035176595,0.11086432299024647,0.0,0.0,,0,0
0,3,,Transformer,439.6105427958558,0.4407019019126892,0.7467670440673828,0.02909073228095055,0.031056670359520568,0.0302328085526824,0.03441830351948738,0.031964611262083054,0.9995614035087719,0.999563664315428,0.011046117840553463,0.026460587237205804,0.9857420325279236,0.09446963866551716,0.017531389968490862,0.5263157894736842,0.2356020942408377,,0,0
0,3,,Neural Spline Flow,247.4044464096667,0.6569721698760986,1.0079665184020996,0.07019127555005782,0.06034260562985075,0.060832178220152855,0.06688681989908218,0.08729288727045059,0.9971491228070175,0.9972519817502855,0.027901297112223868,0.046377063733745,0.6286454796791077,0.2636260469754537,0.03974417727023292,0.4105263157894737,0.774869109947644,,0,0
0,3,,GRU,73.6000855124378,1.911505103111267,2.4803292751312256,0.20643568747322705,0.2122027544625504,0.19276760518550873,0.25985410809516907,0.24695320427417755,0.9367324561403509,0.9442618472134954,0.18939873772650073,0.2559731393584406,0.891769289970398,0.011870809396107998,0.11704528065993258,0.0,0.9738219895287958,,0,0
0,3,,TCN,80.41930538646005,1.6390156745910645,2.375591516494751,0.23364912320878023,0.23977103948461365,0.19670513272285461,0.3105529546737671,0.2942793071269989,0.9646929824561403,0.9692777275772848,0.16784807787268421,0.25084641841069566,0.695884644985199,0.1912022113800049,0.13233871638740466,0.0,0.8691099476439791,,0,0
0,3,,CatBoost,,0.15597476065158844,0.26645147800445557,,,,,,1.0,1.0000000000000002,0.003512500748397433,0.007234989884870214,,,,0.6736842105263158,,,0,0
0,4,,DPI-Flow,246.61155703726413,0.2239217311143875,0.2669146955013275,0.09682148832150318,0.0719138003141979,0.06049680088957151,0.07434618473052979,0.13167795538902283,0.9937534246575342,0.997249895667551,0.0321852975009969,0.03494667490436272,0.7458640336990356,0.14874763091405233,0.03978009908278974,0.168,0.010101010101010102,0.20943720638751984,96,1
0,4,,DPI-EVT,233.64085472453246,0.24079616367816925,0.28702905774116516,0.09213154739466192,0.07205363703564524,0.07026214028398196,0.0861419215798378,0.14534734189510345,0.9971506849315068,0.9983760601785079,0.028617048707376535,0.028080480728260797,0.8046749830245972,0.09409933090209961,0.035842101332291085,0.592,0.0,0.15999190509319305,96,1
0,4,,EVT-NeuralSSM,229.1361569692748,0.2643377184867859,0.3150905966758728,0.09744921673033743,0.07656628638266356,0.08280311276515324,0.08759669959545135,0.11303707957267761,0.9962739726027398,0.9980627958641484,0.019986286043716918,0.02003983946310149,0.7509872913360596,0.1436243534088135,0.042363667928950334,0.672,0.0,0.20393724739551544,96,1
0,4,,PINN,100.0,1.0049986839294434,1.1894086599349976,0.09223929279787103,0.07764700455575906,0.1472192903359731,0.2655303478240967,0.28594788908958435,0.9883835616438356,0.9950996928881344,0.02636246587251076,0.04653292619670281,0.9311559200286865,0.04109830856323241,0.04284867692773675,0.832,0.0,,0,0
0,4,,Transformer,178.59115113777756,0.6704638600349426,0.7651235461235046,0.041060267290652236,0.043170896427162174,0.07631701044738293,0.12471267580986023,0.07176320254802704,0.9991232876712328,0.9995187969924813,0.009676320251410436,0.015887825712185315,0.9344647526741028,0.04486961364746093,0.02279047688226472,0.688,0.0707070707070707,,0,0
0,4,,Neural Spline Flow,121.01581963205147,0.961197018623352,1.118621826171875,0.11424560970775532,0.11022093307706096,0.06251859664916992,0.12265803664922714,0.12835490703582764,0.9610958904109589,0.9637606325932276,0.04025118019377353,0.043831507609498624,0.8443803787231445,0.0556747595469157,0.061745684291899826,0.752,0.8686868686868687,,0,0
0,4,,GRU,79.2003625674489,0.8754178285598755,0.9703584313392639,0.09338718482930518,0.07902236199507423,0.12824414670467377,0.21687619388103485,0.2033410370349884,0.9617534246575342,0.9791567858742616,0.14137580660905488,0.1628416469602874,0.9346781969070435,0.04269932905832926,0.047881550778722935,0.616,0.5606060606060606,,0,0
0,4,,TCN,93.55062697016446,0.649145245552063,0.7670333981513977,0.11933291270641544,0.12427523726147334,0.23848011096318564,0.41607865691185,0.21276889741420746,0.9876164383561644,0.994731725875995,0.04770724430410148,0.09735647363193108,0.8532394170761108,0.04105205138524374,0.05572576171976581,0.664,0.8383838383838383,,0,0
0,4,,CatBoost,,0.1767435222864151,0.1988198310136795,,,,,,0.9927671232876712,0.9968000000000001,0.010406985963970078,0.008523794606026978,,,,0.528,,,0,0
1,5,,DPI-Flow,335.98644030354177,0.2170153260231018,0.2170153260231018,0.1293312349792392,0.11019199362959367,0.11524020507931709,0.1273772418498993,0.13647016882896423,0.9426638176638177,0.9607364835257323,0.1589349094254846,0.1642085596539134,0.7721671462059021,0.12199482123057048,0.055247185427632274,0.14792899408284024,0.0,0.20899231731891632,96,1
1,5,,DPI-EVT,276.66839850788085,0.3415275812149048,0.3415275812149048,0.14844058058704254,0.1283992202474969,0.1288483738899231,0.12983237206935883,0.15331831574440002,0.955347359193513,0.9663052179224958,0.12818606193439971,0.1360450400197576,0.8159413933753967,0.08244292736053467,0.0734581040782012,0.5088757396449705,0.0,0.1583169847726822,96,1
1,5,,EVT-NeuralSSM,288.04543106029575,0.29700443148612976,0.29700443148612976,0.12384594960488905,0.10588811135963862,0.11161550134420395,0.1256924569606781,0.12737242877483368,0.9225838264299803,0.9439215818032579,0.1769343237138357,0.18441997687012926,0.7458853721618652,0.1498276670773824,0.0573227644428728,0.6094674556213018,0.0,0.20743770897388458,96,1
1,5,,PINN,100.0,1.7016170024871826,1.7016170024871826,0.20203389041411374,0.21471929413303611,0.23475239425897598,0.3939059376716614,0.35318922996520996,0.7590948937102784,0.7972077424145843,0.21713267320684823,0.21245461768245438,0.7291684746742249,0.1619201382001241,0.10456992952277985,0.09467455621301775,0.0,,0,0
1,5,,Transformer,296.98577886227156,0.35026437044143677,0.35026437044143677,0.05872354436814473,0.06571790216037789,0.07297158986330032,0.11737290024757385,0.09981706738471985,0.770107385492001,0.8427179187572043,0.1926668898548395,0.19729581394565665,0.8830676674842834,0.03596867720286049,0.028863281261941584,0.6627218934911243,0.01444043321299639,,0,0
1,5,,Neural Spline Flow,168.0786259502913,0.7443123459815979,0.7443123459815979,0.19264381634638955,0.20664189271592098,0.22028619796037674,0.2550215423107147,0.22068074345588684,0.9583059390751698,0.972818471981677,0.12028230912296656,0.14142107542617655,0.7788884043693542,0.1272511959075928,0.10700522362942431,0.6568047337278107,0.8375451263537906,,0,0
1,5,,GRU,141.00305325597085,1.0954772233963013,1.0954772233963013,0.1320808255497062,0.13950304318684115,0.15494559705257416,0.2489810287952423,0.2215467244386673,0.8067609029147491,0.8618559074648344,0.19953822809287572,0.19028427388640085,0.6729857921600342,0.2125592311223348,0.07355103844143328,0.31952662721893493,0.3574007220216607,,0,0
1,5,,TCN,149.5712632899153,0.7933031916618347,0.7933031916618347,0.16170669432407153,0.18121835374797055,0.19600860588252544,0.33639055490493774,0.2868604063987732,0.8139381985535832,0.8672452423361905,0.21618730763974373,0.22676116453369385,0.7188280820846558,0.17010627985000612,0.07980471802864082,0.28402366863905326,0.6750902527075813,,0,0
1,5,,CatBoost,,0.2644147574901581,0.2644147574901581,,,,,,0.9647161954854263,0.9814373013119029,0.17913660379559432,0.18498542400359408,,,,0.4911242603550296,,,0,0
1,6,,DPI-Flow,254.3455365348438,0.19346114993095398,0.29948267340660095,0.08785388496521264,0.07090177567560053,0.06530582904815674,0.08378149569034576,0.10738395154476166,0.9998839637967046,0.9998979539772437,0.010446244662766144,0.016862525361211182,0.7951319813728333,0.1045226534207662,0.03182965692992068,0.1366906474820144,0.0,0.20668835937976837,71,1
1,6,,DPI-EVT,235.87110603374427,0.1801770180463791,0.2877647280693054,0.08287594643238698,0.07232671166269262,0.07201433678468068,0.08340975642204285,0.10069090873003006,0.9994198189835228,0.99949361649514,0.015433875197955717,0.017468146366747133,0.843812108039856,0.05298039118448894,0.03092739278725342,0.49640287769784175,0.0,0.1611277163028717,71,1
1,6,,EVT-NeuralSSM,225.64808800084108,0.18431539833545685,0.2943742573261261,0.0839474397214929,0.0729086305952745,0.07439364492893219,0.0792449340224266,0.09552831947803497,0.9997099094917614,0.9997470052332637,0.017432217056585608,0.022534205425998103,0.7436843514442444,0.1504588802655538,0.03591032338699286,0.5323741007194245,0.0,0.2100377082824707,71,1
1,6,,PINN,100.0,0.5757547616958618,0.7748437523841858,0.12718258441686345,0.1268039119927775,0.12176318218310674,0.17787934839725494,0.173545241355896,0.9925156648874449,0.9935262990048064,0.0374836783547453,0.07778409599351338,0.8933437466621399,0.03651243050893146,0.06602075521229114,0.4748201438848921,0.0,,0,0
1,6,,Transformer,159.2202032724446,0.6300124526023865,0.8871078491210938,0.038374226954627076,0.04150614171459185,0.045804863795638084,0.060424841940402985,0.05283043906092644,0.9994778370851706,0.9995625121524402,0.01298417770646809,0.049663974970805776,0.9481266140937805,0.060346317291259756,0.021298248539411504,0.35251798561151076,0.16730038022813687,,0,0
1,6,,Neural Spline Flow,124.31255065184124,0.7330976724624634,0.9417532682418823,0.08187291498022745,0.06597134936568133,0.05329944255451361,0.07474543154239655,0.10068371891975403,0.998375493153864,0.9986243256214734,0.025347393130858625,0.058257561786093176,0.6085012555122375,0.2857365886370341,0.045669037217619834,0.38848920863309355,0.7338403041825095,,0,0
1,6,,GRU,63.726816635436265,0.9735274910926819,1.1599230766296387,0.11699115278267266,0.12326226607412585,0.12731031204263368,0.17761515080928802,0.16710755228996277,0.9754003249013692,0.9783041229379947,0.10192583875284705,0.1295223495579491,0.7870423197746277,0.10447534720102947,0.05975529136972515,0.5035971223021583,0.1634980988593156,,0,0
1,6,,TCN,73.56391998439913,0.7291406989097595,1.0643119812011719,0.12751431772772368,0.13786123978461395,0.14476800709962845,0.19522620737552643,0.18075531721115112,0.9711650034810861,0.9774405841902558,0.07856329315085585,0.06993647180356001,0.8680102229118347,0.03284604946772255,0.05785128647463289,0.4748201438848921,0.5513307984790875,,0,0
1,6,,CatBoost,,0.2060447484254837,0.26035603880882263,,,,,,0.9992457646785797,0.9993847027641045,0.006582157036719565,0.040091141208496384,,,,0.5251798561151079,,,0,0
1,7,,DPI-Flow,419.1924647776533,0.1727921962738037,0.2824258804321289,0.13092719640683173,0.11453473124215935,0.13382373253504434,0.1761714667081833,0.16327670216560364,0.9941305942773294,0.9960529729686103,0.019083497969020667,0.019810501439302037,0.9854758977890015,0.0846911589304606,0.06697343619713834,0.16551724137931034,0.012552301255230125,0.20486216247081757,96,1
1,7,,DPI-EVT,302.33780830020413,0.30371007323265076,0.4964088797569275,0.12530606767027633,0.10812445545335038,0.1311440939704577,0.1833747774362564,0.1688055694103241,0.9947175348495965,0.9960861352097206,0.028336051497264206,0.03075458006504689,0.9673039317131042,0.06208313703536986,0.06128061250940368,0.6344827586206897,0.0,0.15672385692596436,96,1
1,7,,EVT-NeuralSSM,148.05655067585127,0.7753373980522156,0.5454251170158386,0.4113610148525962,0.39799733251367847,0.30929364760716754,0.5711756944656372,0.5847713947296143,0.9955245781364637,0.9968045454498998,0.033727754982481255,0.09167514909760224,0.6029858589172363,0.2861796100934347,0.24322884272286596,0.6413793103448275,0.0,0.20091788470745087,96,1
1,7,,PINN,100.0,1.7078382968902588,2.2377407550811768,0.18322876911398514,0.18793907016825145,0.1690036579966545,0.2628338038921356,0.248000368475914,0.9748349229640498,0.9862209934090511,0.10023697335826184,0.20792135116196078,0.8632709383964539,0.026637621720631926,0.09943840258450959,0.013793103448275862,0.0,,0,0
1,7,,Transformer,385.2551832129778,0.33412525057792664,0.46205928921699524,0.0532203223215426,0.05653074310243119,0.08623813775678475,0.15409308671951294,0.1418495625257492,0.995964783565664,0.997205760741663,0.012764166399947202,0.012368286644190426,0.8934675455093384,0.029727077484130837,0.028000339412988743,0.5724137931034483,0.2175732217573222,,0,0
1,7,,Neural Spline Flow,229.91694292239458,0.7038031816482544,1.0581481456756592,0.15479408503149716,0.15249676844620247,0.11269235859314601,0.20187753438949585,0.20445477962493896,0.9965517241379309,0.9978029565622408,0.021119472163619174,0.0384886816892165,0.7389718294143677,0.1617228666941325,0.07555770773533806,0.4,0.8744769874476988,,0,0
1,7,,GRU,83.60956061397731,1.9158780574798584,2.373884439468384,0.22154603197478287,0.22224284157526164,0.19736701250076294,0.27768638730049133,0.2684536278247833,0.9888481291269259,0.9932310249262036,0.15035817508849236,0.3460255509639883,0.8903600573539734,0.01673423846562701,0.1241262742183009,0.013793103448275862,0.6527196652719666,,0,0
1,7,,TCN,67.39188877804652,2.008692502975464,1.2102712392807007,0.2965038137383628,0.30335090369952444,0.2745361973841985,0.3518512547016144,0.3344922661781311,0.8753484959647836,0.9355601576781899,0.2385936125652358,0.1719552832168515,1.0,0.11551824410756428,0.17765749595039443,0.5724137931034483,0.5857740585774058,,0,0
1,7,,CatBoost,,0.1377706378698349,0.19178006052970886,,,,,,0.9960381511371974,0.9974034150652134,0.012406193652200229,0.005378279320615106,,,,0.5517241379310345,,,0,0
1,8,,DPI-Flow,195.83097394849227,0.33436885476112366,0.5242573618888855,0.08736330631033157,0.07603158012973847,0.0508331103871266,0.09609110653400421,0.162371426820755,0.9930947897049591,0.9954918979315226,0.017117563406503517,0.017867607437074183,0.907455325126648,0.017168402671813927,0.028215303157594972,0.012345679012345678,0.0,0.2044067531824112,72,1
1,8,,DPI-EVT,211.236681233078,0.16630595922470093,0.260751336812973,0.07943030322171957,0.07082293262568942,0.05272084226210912,0.08865194022655487,0.14233338832855225,0.9786566227244192,0.984715174486171,0.053276103838624654,0.054591134376823905,0.9257996082305908,0.036061445871988895,0.027547162894128466,0.19753086419753085,0.0,0.1619790941476822,72,1
1,8,,EVT-NeuralSSM,211.73218470352109,0.17942093312740326,0.28131431341171265,0.08791753833696073,0.0801526571792222,0.05524164189894994,0.09888989478349686,0.1364627629518509,0.9922577945176816,0.9955673424826941,0.04149888818478377,0.05054392290434667,0.8391345143318176,0.058897761503855395,0.03343149993338531,0.1728395061728395,0.0,0.20778788626194,72,1
1,8,,PINN,100.0,0.593781590461731,0.880407989025116,0.12756138119961566,0.13024714288900227,0.12568344424168268,0.13576354086399078,0.1318756490945816,0.9970705168445282,0.9981402030697191,0.034856855592358474,0.09787546034370148,0.8812323808670044,0.01687833468119304,0.0626384441215978,0.5925925925925926,0.0,,0,0
1,8,,Transformer,167.50104008433095,0.5472731590270996,0.7779631018638611,0.031854276333657644,0.03389527140100828,0.026130118407309055,0.038066379725933075,0.0385308675467968,0.9920485457208621,0.9947977669747866,0.033476674405128685,0.03833683294111064,0.9735418558120728,0.08977736234664917,0.01833861045745881,0.20987654320987653,0.03571428571428571,,0,0
1,8,,Neural Spline Flow,120.85222034686598,0.5386414527893066,0.657012403011322,0.07496191624971035,0.06131340118899356,0.043319856747984886,0.07389983534812927,0.12413371354341507,0.9594057334170327,0.9628783647554704,0.0824578958815748,0.08541479464620351,0.6814440488815308,0.21533394654591878,0.04143173264416756,0.24691358024691357,0.8142857142857143,,0,0
1,8,,GRU,65.78906759963097,1.101136326789856,1.2446434497833252,0.12661060931806795,0.12107857101428185,0.09597031151254971,0.129933163523674,0.13376066088676453,0.9432935760619374,0.965663972343294,0.10475086496039136,0.16883464343845841,0.9586077332496643,0.0515600562095642,0.06793427749923102,0.12345679012345678,0.7142857142857143,,0,0
1,8,,TCN,75.65570066575185,0.8952799439430237,1.109554648399353,0.1373779210100295,0.1354890425156005,0.10563330600659053,0.1516585499048233,0.14975565671920776,0.974471646788031,0.9863097350812556,0.07223603240815864,0.1058389981410333,0.925682008266449,0.03433676560719804,0.06755209139660202,0.3333333333333333,0.9214285714285714,,0,0
1,8,,CatBoost,,0.25035184621810913,0.2901962697505951,,,,,,0.9987445072190836,0.9991485738612178,0.008164067878935158,0.014880044838147503,,,,0.16049382716049382,,,0,0
1,9,,DPI-Flow,484.0872087240737,0.3512938320636749,0.4499819278717041,0.08423708167262346,0.07139067723666188,0.04612433289488157,0.07995698601007462,0.09446664899587631,0.9993063263041065,0.9995557389158316,0.015102905187686,0.02193286075074782,0.7325347065925598,0.16721899112065633,0.030555486601518193,0.02830188679245283,0.0,0.20952913165092468,84,1
1,9,,DPI-EVT,927.1484994232793,0.19151850044727325,0.2443707287311554,0.08469588491589289,0.07401912281576553,0.05243246629834175,0.08223402500152588,0.09512320160865784,1.0,1.0,0.0018934739176723343,0.006073525156718732,0.6485669612884521,0.2484251340230306,0.033838944288153025,0.33962264150943394,0.0,0.161556214094162,84,1
1,9,,EVT-NeuralSSM,515.5763420898766,0.1894162893295288,0.2410133183002472,0.08154148968480188,0.07184294861914459,0.07176666458447774,0.07244374603033066,0.08536084741353989,0.9990288568257493,0.999383455483924,0.022791642685973557,0.025773798479516618,0.6772279739379883,0.2115912715593974,0.03750399261556014,0.3584905660377358,0.0,0.2114926129579544,84,1
1,9,,PINN,100.0,1.3035069704055786,1.640770435333252,0.20250884467989513,0.21077904224299956,0.21971756716569266,0.25930923223495483,0.28276509046554565,0.9864039955604884,0.9915614346930344,0.2016779062788331,0.26496277107246996,0.7068965435028076,0.17848933537801107,0.11486553775136886,0.20754716981132076,0.0,,0,0
1,9,,Transformer,366.97564384083614,0.7193969488143921,0.8794689774513245,0.03481448134732808,0.03813391652792112,0.03240877451996008,0.05337217077612877,0.04938885569572449,0.9958379578246394,0.997078802686495,0.020403446266156377,0.0263362104587,0.9610389471054077,0.07542917331059773,0.019770368454234095,0.3113207547169811,0.0,,0,0
1,9,,Neural Spline Flow,323.70953446578466,0.8332660794258118,1.0050157308578491,0.0815846513670356,0.07983253197704972,0.0429736003279686,0.0916772410273552,0.09417889267206192,0.9993063263041067,0.9995640139191995,0.017988289366709768,0.05781816536475016,0.5246305465698242,0.3637035469214121,0.049644821355983096,0.22641509433962265,0.603448275862069,,0,0
1,9,,GRU,245.19913145201585,0.7922784090042114,0.951434850692749,0.06697223841752935,0.06416609459370165,0.060372608403364815,0.06940353661775589,0.09409179538488388,0.9900110987791344,0.9934693455007617,0.04845511218136564,0.08264104199820552,0.8855799436569214,0.016412882010142016,0.03529786805568232,0.3867924528301887,0.5689655172413793,,0,0
1,9,,TCN,96.60955012259684,1.663719654083252,2.1080305576324463,0.13484674583015674,0.14742325939302706,0.18463362256685892,0.24457307159900665,0.16331985592842102,0.9510266370699223,0.9693794622636084,0.17865175294768904,0.23613303231781926,0.7507836818695068,0.14460367759068807,0.07061694977629408,0.07547169811320754,0.7931034482758621,,0,0
1,9,,CatBoost,,0.23213493824005127,0.23129990696907043,,,,,,1.0,1.0,0.00145848359133245,0.007191277751377944,,,,0.33962264150943394,,,0,0
2,10,,DPI-Flow,1446.5318747590113,0.5017834901809692,0.5017834901809692,0.14778673421243022,0.11507182456235239,0.11507182568311691,0.11507182568311691,0.16776685416698456,1.0,0.9999999999999998,3.694697824531763e-06,0.0006523316819527137,0.9421607255935669,0.044298700491587316,0.06769198584476922,0.01282051282051282,0.0,0.20207156240940094,72,1
2,10,,DPI-EVT,649.882515940979,0.3501962125301361,0.3501962125301361,0.13418666205124566,0.11157249100075962,0.11157248914241791,0.11157248914241791,0.13573415577411652,1.0,0.9999999999999998,0.000475050973200164,0.007237496100019496,0.906011164188385,0.006469035148620628,0.05858592487049971,0.6282051282051282,0.0,0.16045469045639038,72,1
2,10,,EVT-NeuralSSM,2230.7856510947427,0.2998330891132355,0.2998330891132355,0.1155403326605585,0.09218285961110154,0.09218285977840424,0.09218285977840424,0.11569810658693314,1.0,0.9999999999999998,1.88138450198534e-06,0.0009408537526977121,0.8830820322036743,0.009202627340952563,0.056071750852636715,0.6153846153846154,0.0,0.2040751874446869,72,1
2,10,,PINN,100.0,2.1917991638183594,2.1917991638183594,0.15940227041491248,0.0737906298968204,0.07379063218832016,0.07379063218832016,0.5000895261764526,0.9974358974358974,0.9983491701082271,0.16518434599059736,0.3298318112703194,0.9557942748069763,0.07094608942667642,0.08137802984046916,0.01282051282051282,0.0,,0,0
2,10,,Transformer,333.4126670231457,0.48119619488716125,0.48119619488716125,0.0923878134085648,0.08295269426430514,0.08295269310474396,0.08295269310474396,0.09277842938899994,1.0,0.9999999999999998,0.01019930675953866,0.08750655423653753,0.8737863898277283,0.034954893589019785,0.05589030003364762,0.2948717948717949,0.19548872180451127,,0,0
2,10,,Neural Spline Flow,358.5040487472563,0.7476382851600647,0.7476382851600647,0.1339489823353439,0.13036825769890095,0.13036826252937317,0.13036826252937317,0.138168603181839,1.0,0.9999999999999998,0.0013363413743091538,0.021068061393846694,0.7027473449707031,0.20441026290257772,0.07476912082906374,0.6153846153846154,0.6691729323308271,,0,0
2,10,,GRU,79.7640111055269,2.079906463623047,2.079906463623047,0.1786370254843962,0.13633031843328225,0.13633032143115997,0.13633032143115997,0.37703263759613037,0.8349650349650348,0.9171168051358689,0.2244066980325294,0.31700399092265535,0.9768642783164978,0.08554362456003824,0.10136864220466398,0.0,0.23308270676691728,,0,0
2,10,,TCN,94.85870472685154,1.249094843864441,1.249094843864441,0.2156254160227425,0.1638199853034706,0.16381998360157013,0.16381998360157013,0.40531566739082336,0.7864801864801865,0.8323414218977356,0.22016650664361317,0.23071231609000298,0.9586862325668335,0.07060181299845376,0.12159961581324619,0.15384615384615385,0.015037593984962405,,0,0
2,10,,CatBoost,,0.24298663437366486,0.24298663437366486,,,,,,1.0,0.9999999999999998,0.008039538006059548,0.08275748498009561,,,,0.15384615384615385,,,0,0
2,11,,DPI-Flow,318.36094766102264,0.21249611675739288,0.2727562189102173,0.09351013711651197,0.0716495349152352,0.08238377918799718,0.11860021948814392,0.17718267440795898,0.9969271290605795,0.9989110370655165,0.020397727439130087,0.022813498168378264,0.8592543601989746,0.03766083319981891,0.035484987226551606,0.12686567164179105,0.0,0.21194522082805634,96,1
2,11,,DPI-EVT,186.98904681937435,0.43506842851638794,0.5256452560424805,0.15763036041802816,0.12995451188663196,0.11339583496252696,0.16901741921901703,0.19693420827388763,0.9890254609306409,0.9963039976206727,0.03601374574897778,0.033202282883025507,0.8803426623344421,0.021788108348846442,0.0793770414315901,0.6716417910447762,0.0,0.1574949473142624,96,1
2,11,,EVT-NeuralSSM,276.70113981371253,0.2906975746154785,0.3684484660625458,0.0941447747768182,0.07363025536890618,0.08330388863881429,0.11053150147199631,0.1623964160680771,0.9963418203102136,0.9987431264728988,0.019983380905582174,0.025130811414203133,0.7926943898200989,0.10127724011739096,0.03965945452396756,0.6716417910447762,0.0,0.19819898903369904,96,1
2,11,,PINN,100.0,1.1980427503585815,1.531429648399353,0.13873907932271382,0.13170862761957094,0.22761073460181555,0.3972055912017822,0.2885380685329437,0.9875621890547264,0.996091986453469,0.029636328020413594,0.051313753627442026,0.7856335639953613,0.11015817324320476,0.07208404074205126,0.7388059701492538,0.0,,0,0
2,11,,Transformer,210.69433208918582,0.5423869490623474,0.6106137037277222,0.044983298353075525,0.04718749864211933,0.08536676565806071,0.1538313776254654,0.111554816365242,0.9957565115598478,0.9985513949517462,0.018494843829615134,0.06838082320786812,0.9300508499145508,0.037993482748667394,0.024774142444007753,0.664179104477612,0.15675675675675677,,0,0
2,11,,Neural Spline Flow,149.26356490760097,0.7755135893821716,0.952712893486023,0.09773526809552668,0.08105032690796826,0.10704769690831502,0.14811058342456818,0.16374965012073517,0.9853672812408545,0.9934066390082197,0.03297401987239,0.03747122728744069,0.5723027586936951,0.32424215277036034,0.0567222643001486,0.5,0.827027027027027,,0,0
2,11,,GRU,128.9970838308721,0.8692855834960938,1.0197101831436157,0.08426026837674294,0.07850355582209569,0.12932023654381433,0.21915303170681,0.15986290574073792,0.9915130231196956,0.9969106731588342,0.03987958614378712,0.09714355871484087,0.8030502796173096,0.08768906990687053,0.0450352660282039,0.582089552238806,0.12972972972972974,,0,0
2,11,,TCN,84.7556717750485,2.164891481399536,2.7413079738616943,0.11571684150734216,0.12414485139776414,0.23376635710398355,0.43119579553604126,0.2811115086078644,0.9923909862452442,0.9975309306947759,0.017202230895885642,0.02209528647363186,0.7885520458221436,0.10494886636734009,0.055774822655712195,0.9850746268656716,0.2648648648648649,,0,0
2,11,,CatBoost,,0.1597762256860733,0.18995371460914612,,,,,,0.9961954931226222,0.9987185391415991,0.010638682634483402,0.011359856579754805,,,,0.5895522388059702,,,0,0
2,12,,DPI-Flow,221.67548785456393,0.282336562871933,0.3481443226337433,0.09334254631892147,0.07109482968736686,0.08083945016066234,0.13455069065093994,0.18127372860908508,0.9750614159160276,0.9713943170686963,0.07348554045466814,0.07958385666521887,0.8764635920524597,0.02049679358800253,0.02902996879638107,0.08270676691729323,0.0,0.21103088557720184,96,1
2,12,,DPI-EVT,232.67596591852276,0.21222975850105286,0.26169684529304504,0.09824668729878169,0.07946341659392456,0.09518672525882721,0.14836172759532928,0.17500896751880646,0.9808680116131915,0.9857068381449916,0.08611980321441338,0.09326445701746985,0.8345901966094971,0.05730963548024496,0.036389333634847636,0.42857142857142855,0.0,0.14734168350696564,96,1
2,12,,EVT-NeuralSSM,253.55285670425764,0.21522042155265808,0.26538458466529846,0.09840360296274384,0.07780249907672399,0.09316569939255714,0.13585498929023743,0.1904878467321396,0.982952430581404,0.9863610877883087,0.056091488475941184,0.05953415531394446,0.8761659264564514,0.023341266314188647,0.03828414970361936,0.45864661654135336,0.0,0.2010095864534378,96,1
2,12,,PINN,100.0,1.2783056497573853,1.4247418642044067,0.10845143079595394,0.07942819268853757,0.08928225934505463,0.10971824079751968,0.31981149315834045,0.9343408025013027,0.9414140819138197,0.11245318178661834,0.12295307244500545,0.9735066294670105,0.0840874433517456,0.056233661545790715,0.06766917293233082,0.0,,0,0
2,12,,Transformer,204.14485876214442,0.7874513268470764,0.9351521730422974,0.033289626636102854,0.035022419607209726,0.07635860083003838,0.1549694985151291,0.06963126361370087,0.9985855728429985,0.9988823061081489,0.01210593750030474,0.02970076236141543,0.9780710339546204,0.08742806514104207,0.019537773417169012,0.6090225563909775,0.008547008547008548,,0,0
2,12,,Neural Spline Flow,167.635853919604,0.8565443754196167,0.9688857197761536,0.09265287496071202,0.07278930519737471,0.04924366995692253,0.08091380447149277,0.10502640157938004,0.9774436090225563,0.9805485569066097,0.051572990765336287,0.06579065389740162,0.6614407896995544,0.23310511112213136,0.05109328428720438,0.518796992481203,0.6965811965811965,,0,0
2,12,,GRU,133.42091319931154,0.8893382549285889,1.012641429901123,0.05794450961574192,0.04809383446795685,0.09522003680467606,0.18304216861724854,0.11224105209112167,0.9451351150152609,0.9283490527161107,0.05443992204203356,0.06022338558020246,0.9418535232543945,0.0463153839111328,0.03003614241574173,0.47368421052631576,0.6324786324786325,,0,0
2,12,,TCN,70.43457721281166,2.98691463470459,3.6214466094970703,0.10771917903334412,0.07819620702062091,0.09959200024604797,0.13599257171154022,0.21522566676139832,0.9496761706245812,0.9522959938095241,0.08180462329389564,0.10456556094507885,0.9837269186973572,0.09341469605763753,0.05603258312388816,0.007518796992481203,0.811965811965812,,0,0
2,12,,CatBoost,,0.18513381481170654,0.21748510003089905,,,,,,0.9970222586168391,0.9976970137987818,0.06120044107600862,0.07878426977425304,,,,0.49624060150375937,,,0,0
2,13,,DPI-Flow,366.2257801839136,0.15779459476470947,0.29464295506477356,0.08432768084264372,0.07484508051316768,0.05979060257474581,0.09675921499729156,0.11145945638418198,0.9982981620149761,0.9986287748690108,0.02050076714207468,0.030346932220122504,0.8767936825752258,0.026303565502166726,0.03184066103240883,0.12389380530973451,0.0,0.20369674265384674,71,1
2,13,,DPI-EVT,320.0458842523196,0.16352176666259766,0.3028430640697479,0.09996444397858655,0.08938001076783704,0.08548092842102051,0.09002368152141571,0.10515192896127701,0.998213070115725,0.99859092480202,0.021714864566555293,0.036364628847533935,0.8855587840080261,0.02474846045176186,0.047716097647197454,0.6106194690265486,0.0,0.15923874080181122,71,1
2,13,,EVT-NeuralSSM,327.8686369137494,0.1634860783815384,0.3052704930305481,0.0951730930051271,0.08441896606618042,0.0775977373123169,0.09878914058208466,0.1113857552409172,0.9977025187202179,0.998185878813191,0.02225965760214896,0.035132750285111265,0.7612214684486389,0.13198440074920656,0.041480111735648036,0.5398230088495575,0.0,0.2034238576889038,71,1
2,13,,PINN,100.0,0.7713800668716431,1.0301048755645752,0.15715454063161,0.16203568403748875,0.15541896720727286,0.16290299594402313,0.15857790410518646,0.9549863852961199,0.9678636037433908,0.08998371960895732,0.09863645277814383,0.8644235730171204,0.03321199417114259,0.08258292147664736,0.23893805309734514,0.0,,0,0
2,13,,Transformer,274.4913508990008,0.36260583996772766,0.5786764025688171,0.03789118189992355,0.04003002338024683,0.0413588664184014,0.04688852280378342,0.043655313551425934,0.9975323349217156,0.9979232644817246,0.023167014280386967,0.05894133144740685,0.9558917284011841,0.06572535832722981,0.02066553469326177,0.6460176991150443,0.06451612903225806,,0,0
2,13,,Neural Spline Flow,138.2726334245586,0.8233578205108643,0.9473817348480225,0.08045390973696535,0.06808823217791768,0.056266422073046364,0.08411236107349396,0.10363581776618958,0.9873213070115725,0.9890231446305309,0.07095654461108807,0.10105964079636583,0.8027850389480591,0.09593433936436972,0.042646319338957066,0.37168141592920356,0.9262672811059908,,0,0
2,13,,GRU,105.49375899309186,0.9648755788803101,1.13152015209198,0.10149060051832548,0.10353953157429632,0.10310415426890056,0.12469331175088882,0.12063802033662796,0.978641933287951,0.985938687641003,0.07738811881767338,0.1300587389738329,0.8304941058158875,0.059318808714548754,0.04859684466815332,0.5663716814159292,0.4700460829493088,,0,0
2,13,,TCN,90.68415375735107,0.8405178785324097,1.1170870065689087,0.15053240174471993,0.16160863499867095,0.16267074644565582,0.20427854359149933,0.19010230898857117,0.9313308373042886,0.9365758835698648,0.11203513407870636,0.06272856528926556,0.7764190435409546,0.11124973297119141,0.07346532760806897,0.4336283185840708,0.7465437788018433,,0,0
2,13,,CatBoost,,0.23189161717891693,0.25024887919425964,,,,,,0.9988087134104834,0.9989706518499254,0.011856375421591722,0.013872553950630574,,,,0.6194690265486725,,,0,0
2,14,,DPI-Flow,330.5904192914563,0.2594219744205475,0.379069983959198,0.1348840013921703,0.11683791390076641,0.11255589375893275,0.135800302028656,0.16477937996387482,0.9799760099055873,0.9849305547699301,0.08885919244313571,0.09071557946577898,0.7964708209037781,0.09804180065790813,0.06570081126404755,0.07142857142857142,0.0,0.20529639720916748,84,1
2,14,,DPI-EVT,445.44058095396224,0.15607771277427673,0.22725149989128113,0.09896172551146794,0.08789187006598312,0.08765513822436333,0.12152038514614105,0.11835171282291412,0.967284476087293,0.9735056065535087,0.09105891738515842,0.09186075483218847,0.8016220927238464,0.10061743656794231,0.042879697345416745,0.3956043956043956,0.0,0.15865862369537354,84,1
2,14,,EVT-NeuralSSM,168.6425412470654,0.5569607019424438,0.289639949798584,0.34881099987818165,0.3523703089344623,0.28828701625267666,0.5736352205276489,0.5722144842147827,0.9365036372078626,0.9396048018502722,0.11115464147563739,0.1129402610944745,0.9039894938468933,0.024185299873352013,0.1528877400329731,0.4340659340659341,0.0,0.19535186886787415,84,1
2,14,,PINN,100.0,1.7435302734375,2.3794445991516113,0.19516354602952907,0.20549011627036368,0.2246477430065473,0.3751867413520813,0.34508687257766724,0.8414719083733168,0.8571968461177575,0.16526106598367316,0.13890343325005639,0.7690157890319824,0.13274879058202108,0.10879519657818594,0.005494505494505495,0.0,,0,0
2,14,,Transformer,291.60221230960724,0.3410777151584625,0.4457538425922394,0.06630837366014228,0.07340730175577816,0.07865152880549431,0.151961550116539,0.13478679955005646,0.8054480730537068,0.8212663693361204,0.1470808076660129,0.1566563708546721,0.8760960102081299,0.037764883041381814,0.031885340586689424,0.34615384615384615,0.07098765432098765,,0,0
2,14,,Neural Spline Flow,230.91514759816187,0.532849133014679,0.6658316850662231,0.16119764353144056,0.1591040601283768,0.15554490561286607,0.24987922608852386,0.22555069625377655,0.9826652221018418,0.9876913446019469,0.06518081217551479,0.06770674976301781,0.660949170589447,0.2361208478609721,0.08330219992967115,0.45604395604395603,0.9691358024691358,,0,0
2,14,,GRU,171.8405312550354,0.8780187368392944,1.1560059785842896,0.10029644649014124,0.10251014392510786,0.11191259076197942,0.1685183197259903,0.15884904563426971,0.9065547128927411,0.9168184845570619,0.14931750391269896,0.15317683374900137,0.7238601446151733,0.16972087621688844,0.05646161178004503,0.3241758241758242,0.5339506172839507,,0,0
2,14,,TCN,77.46557334951449,2.8383824825286865,4.103796005249023,0.1948793758625319,0.20618492458107623,0.22458646446466446,0.3902435600757599,0.3552318215370178,0.8608381055564155,0.8820844203521507,0.19939706630739248,0.2001149485140671,0.6884042024612427,0.2027473330497742,0.10718998954198138,0.005494505494505495,0.8333333333333334,,0,0
2,14,,CatBoost,,0.22478823363780975,0.2764338254928589,,,,,,0.9783121807769695,0.9836834308732667,0.10041465324676331,0.1245987194555777,,,,0.4175824175824176,,,0,0
